<?xml version="1.0" encoding="UTF-8" ?>
<!DOCTYPE configuration
  PUBLIC "-//mybatis.org//DTD Config 3.0//EN"
  "http://mybatis.org/dtd/mybatis-3-config.dtd">
<configuration>
<!-- SQL문 정의할 때 VO표현을 간단하게 하고 싶은 경우. 
     별명을 지어서 사용 -->
   <typeAliases>
      <typeAlias type="com.multi.spring.model.dto.BbsDTO" alias="bbsDTO"></typeAlias>
      <typeAlias type="com.multi.spring.model.dto.ReplyDTO" alias="replyDTO"></typeAlias>
      <typeAlias type="com.multi.spring.model.dto.MapDTO" alias="mapDTO"></typeAlias>
      <typeAlias type="com.multi.spring.model.dto.ChartDTO" alias="chartDTO"></typeAlias>
      <typeAlias type="com.multi.spring.model.dto.WeatherDTO" alias="weatherDTO"></typeAlias>
   </typeAliases>
   <mappers>
   <!-- SQL문 정의하는 파일들의 목록을 지정. -->
      <mapper resource="mapper/bbsSQL.xml" />
      <mapper resource="mapper/replySQL.xml" />
      <mapper resource="mapper/mymapSQL.xml" />
      <mapper resource="mapper/mychartSQL.xml" />
      <mapper resource="mapper/weatherSQL.xml" />
   </mappers>
</configuration>
