<?xml version="1.0" encoding="UTF-8" ?>
<!DOCTYPE configuration
  PUBLIC "-//mybatis.org//DTD Config 3.0//EN"
  "http://mybatis.org/dtd/mybatis-3-config.dtd">
<configuration>
<!-- SQL문 정의할 때 VO표현을 간단하게 하고 싶은 경우. 
     별명을 지어서 사용 -->
     
   <settings>
		<setting name="jdbcTypeForNull" value="NULL"/>
	 <!-- DB 조회결과 snake_case -> camelCase 변환 -->
        <setting name="mapUnderscoreToCamelCase" value="true" />
	</settings>
		
   <typeAliases>
      <typeAlias type="com.multi.spring.member.model.dto.MemberDTO" alias="memberDTO"></typeAlias>
      <typeAlias type="com.multi.spring.board.model.dto.BoardDTO" alias="boardDTO"></typeAlias>
 
  
   </typeAliases>
   <mappers>
   <!-- SQL문 정의하는 파일들의 목록을 지정. 테이블당 한개 사용 -->
      <mapper resource="mapper/memberMapper.xml" />
      <mapper resource="mapper/boardMapper.xml" />

   </mappers>
</configuration>
